title,description,country
"Mirco Rosik","Jo Leute, willkommen auf meinem Kanal! :)

Auf diesem Channel kommen viele Pranks | Lifestyle | Comedy Videos und Vlogs!

Es kommen bald regelm√§√üig coole Videos!!

Viel Spa√ü und schaut vorbeit :)",DE
Leckerschmecker,"Die leckersten Rezepte der Welt zum Nachmachen und Genie√üen. Zubereitet und einfach erkl√§rt von First Class K√∂chen in den Leckerschmecker Studios in Potsdam, Germany.

‚ÄûLeckerschmecker‚Äú wird betrieben von der Media Partisans GmbH, einem jungen Medienunternehmen mit 90+ Mitarbeitern aus Potsdam. Media Partisans ist Produzent von originalen Videoinhalten in elf Sprachen und geh√∂rt zu den gr√∂√üten Social Video Produzenten der Welt. 

Bei Fragen und Tipps sende uns bitte eine Email an info@mediapartisans.com. 
Mehr Information findest du auf unserer Website www.mediapartisans.com.",DE
"Netflix Deutschland, √ñsterreich und Schweiz","√úber Netflix
Netflix ist mit √ºber 86 Millionen Mitgliedern in mehr als 190 L√§ndern, die t√§glich √ºber 125 Millionen Stunden Filme und TV-Serien ‚Äì darunter auch Originalserien, -dokumentationen und -spielfilme ‚Äì genie√üen, der gr√∂√üte Internet-TV-Anbieter weltweit. Mitglieder k√∂nnen Filme und Serien jederzeit, √ºberall und mit fast jedem beliebigen internetf√§higen Endger√§t unbegrenzt streamen, ohne dauerhafte Verpflichtungen einzugehen. Die Wiedergabe der ausgew√§hlten Titel kann dabei ganz ohne Werbeunterbrechungen jederzeit gestartet, unterbrochen und fortgesetzt werden.",DE
"extra 3","Der offizielle YouTube-Kanal von extra 3!",DE
"Onefootball Deutschland","Onefootball Deutschland - Wir erz√§hlen die Geschichten, die der Fu√üball schreibt.

Alle Nachrichten rund um die Bundesliga, Champions League und vieles mehr!
Mit unseren t√§glichen Shows bist du immer bestens √ºber die wichtigsten Themen um Fu√üball, Transfers und Wettbewerbe informiert!

Onefootball Daily News - Jeden Tag aktuelle Themen aus der Welt des Fu√üballs.
Fakt ist..! - Alle Infos zur Bundesliga: Von Transfers bis Spieltagsanalyse.
Nico's Hot Topic - Themen, √ºber die der Fu√üball spricht unter die Lupe genommen.
Scouting Report: Die Supertalente der Bundesliga und ganz Europas im Fokus - Wer sind die Ronaldos und Messis von Morgen?

Wenn Du noch mehr von uns sehen willst, dann lade dir die Onefootball App runter:
http://bit.ly/DownloadOnefootball

Uns gibt es au√üerdem auf folgenden Kan√§len:

‚ñ∫ Twitter: http://bit.ly/1tv6TNd
‚ñ∫ Instagram: http://bit.ly/1U7uYQh
‚ñ∫ https://company.onefootball.com/imprint

Viel Spa√ü mit unseren Videos!

Bildagentur: Getty",DE
"The Voice of Germany - Offiziell","Der offizielle YouTube-Kanal von The Voice of Germany. It's new, but still The Voice! 

Bewirb dich f√ºr The Voice of Germany und The Voice Senior: https://www.the-voice-of-germany.de/bewerben

Wer hat den feineren H√∂rsinn? Wer hat das bessere Gesp√ºr? Wer holt sich The Voice of Germany in sein Team?

Alle Videos, Bilder und News zu The Voice of Germany findest du auf: https://www.the-voice-of-germany.de/ 

Impressum:
http://www.studio71.com/impressum/",DE
"Die Meeries","F√ºttere mich doch einfach!! *miep*üêπ

üëë Anf√ºhrerin - Porzellan

`¬∞.‚Ä¢¬∞‚Ä¢.‚òÖ*Unser Merch*‚òÖ .‚Ä¢¬∞‚Ä¢.¬∞¬¥
T-Shirts, Hoodies uvm.: https://www.getshirts.de/diemeeries
Buch auf Rune-Online: http://bit.ly/2GhSeM5
Buch auf Amazon: https://amzn.to/2xM91o4 *
Banana Crumble Pl√ºschie: http://bit.ly/2FXr4Kg
Semmel Kissen: http://bit.ly/1sWYh1G
Banana Kissen: http://bit.ly/1d1FgkT
Meerie Manga Mini: http://amzn.to/1N6jJEz *
Meerie Manga: http://amzn.to/203gMvR *
Meerie Manga PU: http://amzn.to/2orBAT7 *
‚òÜKomplette Merchliste: http://bit.ly/2G4Clvj

üìú Alle Infos zu den Meeriesüìú
http://diemeeries.blogspot.de
http://bit.ly/DieMeerieGang

[‚úâ]PAKETE AN:

Sarah Wolf
900000554
Packstation 167
51069 K√∂ln
Stichwort: Die Meeries

WICHTIG!
Vergesst nicht Euren vollen Namen und Adresse LESERLICH auf das Paket zu schreiben. Briefe werden nicht schriftlich beantwortet, in Videos k√∂nnen Vorgelesene beantwortet werden (Keine Gew√§hr).",DE
SchrangTV,"Wir k√∂nnen es mit unserem Gewissen nicht vereinbaren, Mainstream-Werbung auf unserem Youtube-Kanal zu schalten, was wiederum bedeutet, dass wir mit unserem Kanal keine Werbeeinnahmen generieren. Gleichzeitig wollen wir gew√§hrleisten, dass unsere Abonnenten ohne Werbeunterbrechung die Beitr√§ge sehen k√∂nnen. Damit auch weiterhin Heiko Schrang seine investigative Arbeit fortsetzen kann, w√ºrden wir euch bitten, ihn dabei zu unterst√ºtzen.

Dies ist mit einer monatlich-regelm√§√üigen Unterst√ºtzung m√∂glich oder auch als Einmalzahlung. Schon kleine Betr√§ge helfen weiter.

√úberweise uns Deine freiwillige Zuwendung auf unser Konto bei der Netbank:

Heiko Schrang, IBAN: DE68 2009 0500 0008 9375 59, BIC: AUGBDE71NET Betreff: ‚ÄûFreiwillige Zuwendung‚Äú

Weitere Zahlungsm√∂glichkeiten unter: https://www.macht-steuert-wissen.de/unterstuetze-heiko-schrang/",DE
WUMMS,"WUMMS ist das Sportsatire-Format mit Bumms! Wir gehen dahin, wo es weh tut (also den anderen). 

WUMMS wird produziert von NDR, WDR und Radio Bremen f√ºr funk. funk ist ein Gemeinschaftsangebot der Arbeitsgemeinschaft der Rundfunkanstalten der Bundesrepublik Deutschland (ARD) und des Zweiten Deutschen Fernsehens (ZDF).

funk hat auf die datenschutzrechtlichen Bestimmungen dieser Plattform sowie die Erhebung, Analyse und Nutzung von Userdaten keinen Einfluss. Im Rahmen unserer M√∂glichkeiten gehen wir mit der gr√∂√üten Sensibilit√§t mit Deinen Daten um. Weitere Informationen zum Thema Datenschutz findest Du auf unserer Website: https://www.funk.net/datenschutz",DE
Kick11,"Kick11 - Bestes Fu√üball Entertainment auf YouTube! 

In unseren Formaten zeigen wir Dir alles, was Du √ºber Fu√üball wissen musst: 

KickNews - Alles, was im Fu√üball neben dem Platz gerade so abgeht! 
TransferKickz - Aktuelle Transferger√ºchte und Transfers!
REALTALK - Unsere Meinung und klare Ansagen zu aktuellen Themen im Fu√üball!
KickTipp - Tipps und Analysen zu den wichtigsten Spielen und Entscheidungen!
TopKickz - Die interessantesten und krassesten Rankings im Fu√üball!
KickFacts - Die besten Fakten √ºber Spieler, Trainer und Vereine! 
KickDuell - Der ultimative Vergleich von zwei Superstars! 

Jede Woche mehrere neue Videos! Wenn Du noch mehr von uns sehen willst, folge Kick11 auch auf Instagram (kick11_official)! 

Viel Spa√ü mit unseren Videos!

Bildagentur: imago",DE
"Team RING POLICE","Angaben gem√§√ü ¬ß 5 TMG:
RP Vertriebsgesellschaft mbH
Maastrichter Stra√üe 4
41812 Erkelenz

Vertreten durch:
Dirk Mansfeld, M.A.
Jan-Erik Slooten

Kontakt:
Telefon: +49 (0) 2431 9824 00 ‚Äì 0
Telefax: +49 (0) 2431 908 930 6
Email: info@ring-police.com

Verantwortlich f√ºr den Inhalt nach ¬ß 55 Abs. 2 RStV:
Dirk Mansfeld, M.A. (Anschrift wie oben)

Registereintrag:
Eintragung im Handelsregister.
Amtsgericht M√∂nchengladbach
Registernummer: HRB 17134

Umsatzsteuer-Identifikationsnummer gem√§√ü ¬ß27 a Umsatzsteuergesetz:
DE282793597",DE
"Sturm der Liebe","Willkommen im offiziellen ""Sturm der Liebe""-YouTube-Kanal! Hier finden Sie exklusive Trailer, Backstage-Clips und Videos der Schauspieler. 

Die aktuellen Folgen sind immer sieben Tage gleichzeitig mit Ausstrahlung im TV hier im YouTube-Kanal abrufbar.

Aktuelle Folgen, noch mehr Videos und Infos gibt's unter http://www.daserste.de/sturmderliebe

Viel Spa√ü!

Impressum: www.DasErste.de/impressum
Bildrechte: ARD / Christof Arnold",DE
"ALMAZ MUSIQ","Der offizielle ALMAZ Youtube-Channel - Hier findest du alle Videos von und mit Kurdo",DE
PietSmietTV,"PietSmiet im Real-Life! Auf PietSmiet TV findet ihr Reacts, Vlogs & Kochvideos! Egal ob wir auf ein virales Video reagieren, durch Namibia reisen oder Schaschlik kochen. Hier findet ihr geile Videos dar√ºber.",DE
